iter	RMSE
0	672.4320635
1	656.6824804
2	643.6912303
3	633.8718167
4	624.7120297
5	616.9095558
6	610.9168847
7	605.0573857
8	600.8337208
9	596.8998576
